text,sentiment
The product is absolutely amazing and works flawlessly!,Positive
"Excellent service and fast delivery, highly recommend.",Positive
I love the intuitive user interface and smooth design.,Positive
"Outstanding quality, exceeded all my expectations.",Positive
"Great customer support, they resolved my issue immediately.",Positive
The battery life is decent and lasts throughout the day.,Neutral
It is an average device with standard basic features.,Neutral
The package arrived on time and contains standard items.,Neutral
The software operates normally without any special highlights.,Neutral
Acceptable performance for the given entry-level price.,Neutral
"Terrible experience, the device broke after only two days.",Negative
Very slow performance and constant application crashes.,Negative
Poor quality materials and unresponsive customer service.,Negative
"I am very disappointed with this purchase, waste of money.",Negative
"Completely defective item, does not work as advertised.",Negative
The product is absolutely amazing and works flawlessly!,Positive
"Excellent service and fast delivery, highly recommend.",Positive
I love the intuitive user interface and smooth design.,Positive
"Outstanding quality, exceeded all my expectations.",Positive
"Great customer support, they resolved my issue immediately.",Positive
The battery life is decent and lasts throughout the day.,Neutral
It is an average device with standard basic features.,Neutral
The package arrived on time and contains standard items.,Neutral
The software operates normally without any special highlights.,Neutral
Acceptable performance for the given entry-level price.,Neutral
"Terrible experience, the device broke after only two days.",Negative
Very slow performance and constant application crashes.,Negative
Poor quality materials and unresponsive customer service.,Negative
"I am very disappointed with this purchase, waste of money.",Negative
"Completely defective item, does not work as advertised.",Negative
The product is absolutely amazing and works flawlessly!,Positive
"Excellent service and fast delivery, highly recommend.",Positive
I love the intuitive user interface and smooth design.,Positive
"Outstanding quality, exceeded all my expectations.",Positive
"Great customer support, they resolved my issue immediately.",Positive
The battery life is decent and lasts throughout the day.,Neutral
It is an average device with standard basic features.,Neutral
The package arrived on time and contains standard items.,Neutral
The software operates normally without any special highlights.,Neutral
Acceptable performance for the given entry-level price.,Neutral
"Terrible experience, the device broke after only two days.",Negative
Very slow performance and constant application crashes.,Negative
Poor quality materials and unresponsive customer service.,Negative
"I am very disappointed with this purchase, waste of money.",Negative
"Completely defective item, does not work as advertised.",Negative
The product is absolutely amazing and works flawlessly!,Positive
"Excellent service and fast delivery, highly recommend.",Positive
I love the intuitive user interface and smooth design.,Positive
"Outstanding quality, exceeded all my expectations.",Positive
"Great customer support, they resolved my issue immediately.",Positive
The battery life is decent and lasts throughout the day.,Neutral
It is an average device with standard basic features.,Neutral
The package arrived on time and contains standard items.,Neutral
The software operates normally without any special highlights.,Neutral
Acceptable performance for the given entry-level price.,Neutral
"Terrible experience, the device broke after only two days.",Negative
Very slow performance and constant application crashes.,Negative
Poor quality materials and unresponsive customer service.,Negative
"I am very disappointed with this purchase, waste of money.",Negative
"Completely defective item, does not work as advertised.",Negative
The product is absolutely amazing and works flawlessly!,Positive
"Excellent service and fast delivery, highly recommend.",Positive
I love the intuitive user interface and smooth design.,Positive
"Outstanding quality, exceeded all my expectations.",Positive
"Great customer support, they resolved my issue immediately.",Positive
The battery life is decent and lasts throughout the day.,Neutral
It is an average device with standard basic features.,Neutral
The package arrived on time and contains standard items.,Neutral
The software operates normally without any special highlights.,Neutral
Acceptable performance for the given entry-level price.,Neutral
"Terrible experience, the device broke after only two days.",Negative
Very slow performance and constant application crashes.,Negative
Poor quality materials and unresponsive customer service.,Negative
"I am very disappointed with this purchase, waste of money.",Negative
"Completely defective item, does not work as advertised.",Negative
The product is absolutely amazing and works flawlessly!,Positive
"Excellent service and fast delivery, highly recommend.",Positive
I love the intuitive user interface and smooth design.,Positive
"Outstanding quality, exceeded all my expectations.",Positive
"Great customer support, they resolved my issue immediately.",Positive
The battery life is decent and lasts throughout the day.,Neutral
It is an average device with standard basic features.,Neutral
The package arrived on time and contains standard items.,Neutral
The software operates normally without any special highlights.,Neutral
Acceptable performance for the given entry-level price.,Neutral
"Terrible experience, the device broke after only two days.",Negative
Very slow performance and constant application crashes.,Negative
Poor quality materials and unresponsive customer service.,Negative
"I am very disappointed with this purchase, waste of money.",Negative
"Completely defective item, does not work as advertised.",Negative
